Price,Adj Close,Adj Close,Adj Close,Close,Close,Close,High,High,High,Low,Low,Low,Open,Open,Open,Volume,Volume,Volume
Ticker,BBCA.JK,TLKM.JK,UNVR.JK,BBCA.JK,TLKM.JK,UNVR.JK,BBCA.JK,TLKM.JK,UNVR.JK,BBCA.JK,TLKM.JK,UNVR.JK,BBCA.JK,TLKM.JK,UNVR.JK,BBCA.JK,TLKM.JK,UNVR.JK
Datetime,,,,,,,,,,,,,,,,,,
2024-12-03 02:00:00+00:00,9950.0,2750.0,1890.0,9950.0,2750.0,1890.0,10025.0,2780.0,1900.0,9900.0,2710.0,1880.0,10025.0,2750.0,1880.0,0,0,0.0
2024-12-03 02:05:00+00:00,10000.0,2750.0,1885.0,10000.0,2750.0,1885.0,10000.0,2760.0,1895.0,9950.0,2740.0,1885.0,9950.0,2750.0,1895.0,1531800,2393500,76800.0
2024-12-03 02:10:00+00:00,9950.0,2760.0,1890.0,9950.0,2760.0,1890.0,10000.0,2760.0,1895.0,9950.0,2750.0,1885.0,9975.0,2750.0,1890.0,1053500,835500,70400.0
2024-12-03 02:15:00+00:00,9975.0,2760.0,1885.0,9975.0,2760.0,1885.0,10000.0,2760.0,1890.0,9925.0,2750.0,1880.0,9975.0,2750.0,1890.0,1902600,718700,200500.0
2024-12-03 02:20:00+00:00,9950.0,2750.0,1890.0,9950.0,2750.0,1890.0,10000.0,2760.0,1890.0,9925.0,2750.0,1875.0,9975.0,2750.0,1885.0,2063800,969000,257600.0
2024-12-03 02:25:00+00:00,9950.0,2770.0,1890.0,9950.0,2770.0,1890.0,9950.0,2770.0,1890.0,9925.0,2750.0,1880.0,9950.0,2750.0,1890.0,236400,8263900,50700.0
2024-12-03 02:30:00+00:00,9925.0,2770.0,1880.0,9925.0,2770.0,1880.0,9950.0,2790.0,1890.0,9925.0,2760.0,1875.0,9925.0,2770.0,1890.0,166500,10098700,194500.0
2024-12-03 02:35:00+00:00,9950.0,2770.0,1875.0,9950.0,2770.0,1875.0,9950.0,2780.0,1880.0,9925.0,2770.0,1870.0,9950.0,2770.0,1880.0,280900,1539900,15000.0
2024-12-03 02:40:00+00:00,9975.0,2770.0,1875.0,9975.0,2770.0,1875.0,9975.0,2780.0,1875.0,9925.0,2770.0,1870.0,9950.0,2780.0,1870.0,1304400,226800,67200.0
2024-12-03 02:45:00+00:00,10000.0,2780.0,1880.0,10000.0,2780.0,1880.0,10000.0,2780.0,1880.0,9950.0,2760.0,1870.0,9975.0,2770.0,1870.0,1481900,3587600,381700.0
2024-12-03 02:50:00+00:00,9950.0,2770.0,1875.0,9950.0,2770.0,1875.0,10000.0,2780.0,1885.0,9950.0,2770.0,1875.0,9975.0,2770.0,1875.0,352500,559500,140500.0
2024-12-03 02:55:00+00:00,9950.0,2770.0,1875.0,9950.0,2770.0,1875.0,9975.0,2780.0,1880.0,9950.0,2770.0,1870.0,9975.0,2770.0,1880.0,417100,477100,63700.0
2024-12-03 03:00:00+00:00,9975.0,2780.0,1875.0,9975.0,2780.0,1875.0,9975.0,2780.0,1875.0,9950.0,2770.0,1865.0,9975.0,2770.0,1870.0,172900,573300,135700.0
2024-12-03 03:05:00+00:00,9975.0,2770.0,1870.0,9975.0,2770.0,1870.0,9975.0,2780.0,1875.0,9950.0,2770.0,1870.0,9950.0,2770.0,1875.0,268800,337200,15400.0
2024-12-03 03:10:00+00:00,9950.0,2770.0,1870.0,9950.0,2770.0,1870.0,9975.0,2780.0,1870.0,9950.0,2770.0,1865.0,9975.0,2770.0,1865.0,344000,244600,40500.0
2024-12-03 03:15:00+00:00,9950.0,2770.0,1865.0,9950.0,2770.0,1865.0,10000.0,2780.0,1870.0,9950.0,2770.0,1860.0,9975.0,2770.0,1870.0,1997500,1239700,158300.0
2024-12-03 03:20:00+00:00,9975.0,2780.0,1870.0,9975.0,2780.0,1870.0,9975.0,2790.0,1870.0,9950.0,2770.0,1860.0,9975.0,2780.0,1865.0,339700,5097000,20100.0
2024-12-03 03:25:00+00:00,9975.0,2780.0,1870.0,9975.0,2780.0,1870.0,9975.0,2790.0,1870.0,9950.0,2780.0,1865.0,9975.0,2790.0,1865.0,369200,323500,7500.0
2024-12-03 03:30:00+00:00,9950.0,2780.0,1870.0,9950.0,2780.0,1870.0,9975.0,2790.0,1870.0,9950.0,2780.0,1865.0,9950.0,2790.0,1865.0,214100,654100,7100.0
2024-12-03 03:35:00+00:00,9975.0,2780.0,1875.0,9975.0,2780.0,1875.0,9975.0,2790.0,1875.0,9950.0,2780.0,1865.0,9950.0,2790.0,1865.0,136800,390300,134400.0
2024-12-03 03:40:00+00:00,9950.0,2790.0,1870.0,9950.0,2790.0,1870.0,9975.0,2790.0,1875.0,9950.0,2780.0,1870.0,9975.0,2780.0,1875.0,176300,469100,143000.0
2024-12-03 03:45:00+00:00,9950.0,2780.0,1870.0,9950.0,2780.0,1870.0,9975.0,2790.0,1870.0,9950.0,2780.0,1865.0,9950.0,2790.0,1870.0,282100,1015200,8100.0
2024-12-03 03:50:00+00:00,9950.0,2780.0,1870.0,9950.0,2780.0,1870.0,9975.0,2790.0,1870.0,9925.0,2780.0,1865.0,9975.0,2780.0,1865.0,3263100,660300,13000.0
2024-12-03 03:55:00+00:00,9975.0,2780.0,1865.0,9975.0,2780.0,1865.0,9975.0,2790.0,1870.0,9950.0,2780.0,1865.0,9975.0,2790.0,1870.0,96000,1921000,3600.0
2024-12-03 04:00:00+00:00,9950.0,2790.0,1865.0,9950.0,2790.0,1865.0,9975.0,2790.0,1870.0,9950.0,2780.0,1860.0,9950.0,2790.0,1865.0,280400,3467300,172600.0
2024-12-03 04:05:00+00:00,9950.0,2780.0,1865.0,9950.0,2780.0,1865.0,9975.0,2790.0,1865.0,9950.0,2770.0,1860.0,9975.0,2780.0,1865.0,179900,2426500,12300.0
2024-12-03 04:10:00+00:00,9950.0,2770.0,1870.0,9950.0,2770.0,1870.0,9975.0,2780.0,1870.0,9950.0,2770.0,1860.0,9950.0,2770.0,1865.0,246600,115700,43600.0
2024-12-03 04:15:00+00:00,9950.0,2770.0,1870.0,9950.0,2770.0,1870.0,9975.0,2780.0,1870.0,9950.0,2770.0,1865.0,9975.0,2770.0,1865.0,188600,254000,15900.0
2024-12-03 04:20:00+00:00,9975.0,2780.0,1870.0,9975.0,2780.0,1870.0,10000.0,2790.0,1870.0,9950.0,2770.0,1865.0,9975.0,2780.0,1870.0,3862800,2194600,3700.0
2024-12-03 04:25:00+00:00,9975.0,2780.0,1870.0,9975.0,2780.0,1870.0,10000.0,2790.0,1875.0,9975.0,2780.0,1865.0,9975.0,2790.0,1870.0,433800,197700,44100.0
2024-12-03 04:30:00+00:00,10000.0,2790.0,1870.0,10000.0,2790.0,1870.0,10000.0,2790.0,1870.0,9975.0,2780.0,1865.0,10000.0,2780.0,1865.0,170100,222700,17800.0
2024-12-03 04:35:00+00:00,9975.0,2790.0,1865.0,9975.0,2790.0,1865.0,10000.0,2790.0,1870.0,9975.0,2780.0,1865.0,10000.0,2790.0,1865.0,134700,821900,48100.0
2024-12-03 04:40:00+00:00,10025.0,2790.0,1865.0,10025.0,2790.0,1865.0,10025.0,2800.0,1870.0,9975.0,2780.0,1865.0,10000.0,2780.0,1870.0,8215200,3583600,17800.0
2024-12-03 04:45:00+00:00,10025.0,2800.0,1865.0,10025.0,2800.0,1865.0,10025.0,2800.0,1870.0,10000.0,2790.0,1860.0,10025.0,2790.0,1865.0,260200,1853500,49700.0
2024-12-03 04:50:00+00:00,10025.0,2800.0,1865.0,10025.0,2800.0,1865.0,10025.0,2800.0,1870.0,10000.0,2790.0,1860.0,10025.0,2800.0,1865.0,136400,686200,26600.0
2024-12-03 04:55:00+00:00,10000.0,2800.0,1870.0,10000.0,2800.0,1870.0,10025.0,2800.0,1870.0,10000.0,2790.0,1865.0,10025.0,2800.0,1865.0,264300,1390600,7200.0
2024-12-03 06:30:00+00:00,10000.0,2820.0,1865.0,10000.0,2820.0,1865.0,10025.0,2820.0,1870.0,10000.0,2790.0,1865.0,10000.0,2790.0,1865.0,509200,10926600,33200.0
2024-12-03 06:35:00+00:00,10000.0,2820.0,1870.0,10000.0,2820.0,1870.0,10025.0,2830.0,1870.0,10000.0,2820.0,1865.0,10025.0,2820.0,1865.0,139800,4023300,20500.0
2024-12-03 06:40:00+00:00,10000.0,2810.0,1870.0,10000.0,2810.0,1870.0,10025.0,2830.0,1870.0,10000.0,2810.0,1865.0,10000.0,2830.0,1865.0,549300,4365900,23600.0
2024-12-03 06:45:00+00:00,10000.0,2810.0,1865.0,10000.0,2810.0,1865.0,10025.0,2820.0,1870.0,10000.0,2800.0,1865.0,10000.0,2820.0,1870.0,441800,2688900,31200.0
2024-12-03 06:50:00+00:00,10000.0,2810.0,1870.0,10000.0,2810.0,1870.0,10025.0,2820.0,1875.0,10000.0,2810.0,1865.0,10000.0,2820.0,1870.0,536400,977900,31000.0
2024-12-03 06:55:00+00:00,10000.0,2810.0,1875.0,10000.0,2810.0,1875.0,10025.0,2820.0,1875.0,10000.0,2810.0,1870.0,10000.0,2820.0,1870.0,214700,816700,15100.0
2024-12-03 07:00:00+00:00,10000.0,2810.0,1870.0,10000.0,2810.0,1870.0,10025.0,2820.0,1875.0,10000.0,2810.0,1870.0,10000.0,2810.0,1870.0,567100,1179000,24900.0
2024-12-03 07:05:00+00:00,10025.0,2810.0,1870.0,10025.0,2810.0,1870.0,10025.0,2820.0,1875.0,10000.0,2800.0,1870.0,10025.0,2820.0,1870.0,701000,4652400,1900.0
2024-12-03 07:10:00+00:00,10025.0,2810.0,1875.0,10025.0,2810.0,1875.0,10025.0,2810.0,1875.0,10000.0,2800.0,1870.0,10000.0,2810.0,1875.0,531400,577300,88500.0
2024-12-03 07:15:00+00:00,10000.0,2810.0,1875.0,10000.0,2810.0,1875.0,10025.0,2810.0,1875.0,10000.0,2800.0,1870.0,10000.0,2800.0,1870.0,772900,2315600,20400.0
2024-12-03 07:20:00+00:00,10000.0,2800.0,1875.0,10000.0,2800.0,1875.0,10025.0,2810.0,1875.0,10000.0,2800.0,1875.0,10000.0,2800.0,1875.0,2044100,748200,3000.0
2024-12-03 07:25:00+00:00,10025.0,2810.0,1870.0,10025.0,2810.0,1870.0,10025.0,2810.0,1875.0,10000.0,2800.0,1870.0,10000.0,2810.0,1870.0,688100,1367300,5000.0
2024-12-03 07:30:00+00:00,10000.0,2800.0,1875.0,10000.0,2800.0,1875.0,10025.0,2820.0,1875.0,10000.0,2800.0,1870.0,10025.0,2810.0,1875.0,427200,3777600,48800.0
2024-12-03 07:35:00+00:00,10000.0,2810.0,1870.0,10000.0,2810.0,1870.0,10025.0,2820.0,1875.0,10000.0,2800.0,1870.0,10000.0,2810.0,1875.0,405700,1600000,879800.0
2024-12-03 07:40:00+00:00,10000.0,2810.0,1875.0,10000.0,2810.0,1875.0,10025.0,2820.0,1875.0,10000.0,2810.0,1870.0,10000.0,2810.0,1870.0,517500,633100,25700.0
2024-12-03 07:45:00+00:00,10025.0,2810.0,1875.0,10025.0,2810.0,1875.0,10025.0,2820.0,1875.0,10000.0,2810.0,1870.0,10000.0,2810.0,1875.0,392000,845100,34700.0
2024-12-03 07:50:00+00:00,10050.0,2810.0,1870.0,10050.0,2810.0,1870.0,10050.0,2820.0,1875.0,10000.0,2810.0,1870.0,10000.0,2810.0,1875.0,3710400,1017700,42700.0
2024-12-03 07:55:00+00:00,10050.0,2810.0,1875.0,10050.0,2810.0,1875.0,10050.0,2820.0,1875.0,10025.0,2810.0,1865.0,10050.0,2810.0,1870.0,272700,1473800,14200.0
2024-12-03 08:00:00+00:00,10050.0,2810.0,1875.0,10050.0,2810.0,1875.0,10050.0,2820.0,1875.0,10025.0,2810.0,1870.0,10025.0,2810.0,1875.0,303000,1989100,6400.0
2024-12-03 08:05:00+00:00,10025.0,2810.0,1875.0,10025.0,2810.0,1875.0,10050.0,2820.0,1875.0,10025.0,2810.0,1870.0,10050.0,2810.0,1875.0,427000,821400,12100.0
2024-12-03 08:10:00+00:00,10075.0,2820.0,1870.0,10075.0,2820.0,1870.0,10100.0,2820.0,1870.0,10025.0,2810.0,1865.0,10025.0,2810.0,1870.0,6454200,890100,12300.0
2024-12-03 08:15:00+00:00,10075.0,2800.0,1865.0,10075.0,2800.0,1865.0,10100.0,2820.0,1870.0,10050.0,2800.0,1865.0,10075.0,2810.0,1865.0,1625700,4177300,4300.0
2024-12-03 08:20:00+00:00,10050.0,2800.0,1870.0,10050.0,2800.0,1870.0,10100.0,2810.0,1870.0,10025.0,2800.0,1865.0,10075.0,2810.0,1865.0,2149400,991300,250100.0
2024-12-03 08:25:00+00:00,10075.0,2800.0,1870.0,10075.0,2800.0,1870.0,10075.0,2810.0,1875.0,10025.0,2800.0,1865.0,10050.0,2810.0,1870.0,1597700,1562100,23200.0
2024-12-03 08:30:00+00:00,10075.0,2810.0,1875.0,10075.0,2810.0,1875.0,10075.0,2810.0,1875.0,10050.0,2800.0,1870.0,10075.0,2800.0,1875.0,490200,1802800,33400.0
2024-12-03 08:35:00+00:00,10150.0,2800.0,1875.0,10150.0,2800.0,1875.0,10150.0,2810.0,1875.0,10050.0,2800.0,1870.0,10075.0,2810.0,1875.0,8397600,3186600,19300.0
2024-12-03 08:40:00+00:00,10125.0,2800.0,1870.0,10125.0,2800.0,1870.0,10150.0,2810.0,1875.0,10100.0,2800.0,1865.0,10150.0,2800.0,1875.0,2274900,2826400,89700.0
2024-12-03 08:45:00+00:00,10150.0,2800.0,1870.0,10150.0,2800.0,1870.0,10225.0,2810.0,1880.0,10125.0,2800.0,1865.0,10150.0,2800.0,1870.0,9300900,5419600,1638300.0
2024-12-03 09:00:00+00:00,10200.0,2820.0,1875.0,10200.0,2820.0,1875.0,10200.0,2820.0,1875.0,10200.0,2820.0,1875.0,10200.0,2820.0,1875.0,30965200,25792600,1756000.0
2024-12-03 09:05:00+00:00,10200.0,2820.0,1875.0,10200.0,2820.0,1875.0,10200.0,2820.0,1875.0,10200.0,2820.0,1875.0,10200.0,2820.0,1875.0,355400,75400,4000.0
2024-12-03 09:10:00+00:00,10200.0,2820.0,1875.0,10200.0,2820.0,1875.0,10200.0,2820.0,1875.0,10200.0,2820.0,1875.0,10200.0,2820.0,1875.0,425200,326900,400.0
2024-12-04 02:00:00+00:00,10050.0,2810.0,1880.0,10050.0,2810.0,1880.0,10150.0,2820.0,1885.0,10050.0,2800.0,1860.0,10150.0,2820.0,1865.0,4396400,4390900,868400.0
2024-12-04 02:05:00+00:00,10075.0,2820.0,1880.0,10075.0,2820.0,1880.0,10100.0,2820.0,1880.0,10050.0,2810.0,1875.0,10050.0,2810.0,1880.0,1380300,611000,51800.0
2024-12-04 02:10:00+00:00,10125.0,2830.0,1885.0,10125.0,2830.0,1885.0,10150.0,2840.0,1885.0,10075.0,2810.0,1875.0,10100.0,2820.0,1880.0,1383200,3310900,62800.0
2024-12-04 02:15:00+00:00,10125.0,2840.0,1885.0,10125.0,2840.0,1885.0,10150.0,2850.0,1885.0,10100.0,2830.0,1880.0,10125.0,2840.0,1885.0,428800,2492500,50700.0
2024-12-04 02:20:00+00:00,10150.0,2830.0,1885.0,10150.0,2830.0,1885.0,10175.0,2840.0,1885.0,10125.0,2810.0,1880.0,10150.0,2840.0,1885.0,765400,3871200,108100.0
2024-12-04 02:25:00+00:00,10150.0,2830.0,1915.0,10150.0,2830.0,1915.0,10175.0,2830.0,1920.0,10150.0,2820.0,1880.0,10150.0,2830.0,1885.0,248700,2562800,2612500.0
2024-12-04 02:30:00+00:00,10150.0,2830.0,1910.0,10150.0,2830.0,1910.0,10175.0,2830.0,1915.0,10150.0,2820.0,1910.0,10150.0,2820.0,1910.0,133900,684900,21700.0
2024-12-04 02:35:00+00:00,10200.0,2830.0,1900.0,10200.0,2830.0,1900.0,10250.0,2830.0,1910.0,10150.0,2810.0,1895.0,10175.0,2820.0,1905.0,4644400,2520100,161400.0
2024-12-04 02:40:00+00:00,10225.0,2840.0,1900.0,10225.0,2840.0,1900.0,10225.0,2840.0,1900.0,10200.0,2820.0,1895.0,10225.0,2830.0,1895.0,247600,800100,19900.0
2024-12-04 02:45:00+00:00,10225.0,2830.0,1900.0,10225.0,2830.0,1900.0,10225.0,2840.0,1900.0,10200.0,2830.0,1895.0,10200.0,2840.0,1900.0,1267500,1056400,45000.0
2024-12-04 02:50:00+00:00,10250.0,2830.0,1900.0,10250.0,2830.0,1900.0,10250.0,2850.0,1905.0,10200.0,2830.0,1900.0,10225.0,2840.0,1900.0,1163000,2323800,179800.0
2024-12-04 02:55:00+00:00,10225.0,2830.0,1910.0,10225.0,2830.0,1910.0,10250.0,2840.0,1910.0,10225.0,2830.0,1900.0,10250.0,2840.0,1900.0,1390000,1016300,115400.0
2024-12-04 03:00:00+00:00,10225.0,2830.0,1905.0,10225.0,2830.0,1905.0,10250.0,2840.0,1910.0,10200.0,2830.0,1900.0,10225.0,2840.0,1905.0,1068900,343800,189000.0
2024-12-04 03:05:00+00:00,10225.0,2840.0,1900.0,10225.0,2840.0,1900.0,10250.0,2840.0,1905.0,10225.0,2830.0,1900.0,10225.0,2840.0,1905.0,449200,256600,26900.0
2024-12-04 03:10:00+00:00,10250.0,2840.0,1900.0,10250.0,2840.0,1900.0,10250.0,2840.0,1905.0,10225.0,2830.0,1895.0,10225.0,2840.0,1905.0,178900,1125900,58900.0
2024-12-04 03:15:00+00:00,10250.0,2840.0,1905.0,10250.0,2840.0,1905.0,10250.0,2840.0,1905.0,10200.0,2830.0,1900.0,10250.0,2840.0,1900.0,1266000,602200,24100.0
2024-12-04 03:20:00+00:00,10225.0,2840.0,1905.0,10225.0,2840.0,1905.0,10250.0,2850.0,1905.0,10225.0,2830.0,1900.0,10225.0,2840.0,1900.0,137200,1375100,68200.0
2024-12-04 03:25:00+00:00,10250.0,2840.0,1905.0,10250.0,2840.0,1905.0,10250.0,2840.0,1905.0,10200.0,2830.0,1900.0,10250.0,2840.0,1900.0,1312800,446600,37000.0
2024-12-04 03:30:00+00:00,10200.0,2830.0,1905.0,10200.0,2830.0,1905.0,10250.0,2840.0,1905.0,10200.0,2830.0,1900.0,10225.0,2840.0,1900.0,1517800,871800,50200.0
2024-12-04 03:35:00+00:00,10250.0,2830.0,1905.0,10250.0,2830.0,1905.0,10250.0,2840.0,1905.0,10200.0,2820.0,1900.0,10200.0,2840.0,1900.0,666800,409300,26400.0
2024-12-04 03:40:00+00:00,10225.0,2840.0,1905.0,10225.0,2840.0,1905.0,10250.0,2840.0,1905.0,10200.0,2820.0,1900.0,10225.0,2820.0,1905.0,611000,270500,51700.0
2024-12-04 03:45:00+00:00,10225.0,2840.0,1905.0,10225.0,2840.0,1905.0,10250.0,2840.0,1905.0,10200.0,2830.0,1900.0,10225.0,2840.0,1905.0,5165100,225000,63900.0
2024-12-04 03:50:00+00:00,10225.0,2840.0,1900.0,10225.0,2840.0,1900.0,10250.0,2840.0,1905.0,10200.0,2830.0,1900.0,10250.0,2840.0,1900.0,1934000,569900,15100.0
2024-12-04 03:55:00+00:00,10225.0,2840.0,1910.0,10225.0,2840.0,1910.0,10250.0,2840.0,1910.0,10200.0,2830.0,1900.0,10250.0,2840.0,1905.0,597700,202400,247300.0
2024-12-04 04:00:00+00:00,10250.0,2840.0,1910.0,10250.0,2840.0,1910.0,10250.0,2840.0,1910.0,10200.0,2830.0,1905.0,10225.0,2840.0,1910.0,1267100,579700,290300.0
2024-12-04 04:05:00+00:00,10225.0,2830.0,1910.0,10225.0,2830.0,1910.0,10250.0,2840.0,1910.0,10200.0,2830.0,1905.0,10200.0,2830.0,1905.0,427400,296700,44900.0
2024-12-04 04:10:00+00:00,10200.0,2840.0,1910.0,10200.0,2840.0,1910.0,10250.0,2840.0,1910.0,10200.0,2830.0,1905.0,10225.0,2840.0,1905.0,1104000,210300,22700.0
2024-12-04 04:15:00+00:00,10250.0,2830.0,1910.0,10250.0,2830.0,1910.0,10250.0,2840.0,1910.0,10200.0,2830.0,1905.0,10225.0,2830.0,1910.0,578500,361900,33500.0
2024-12-04 04:20:00+00:00,10225.0,2840.0,1905.0,10225.0,2840.0,1905.0,10250.0,2840.0,1910.0,10200.0,2830.0,1905.0,10200.0,2840.0,1905.0,773700,202200,49000.0
2024-12-04 04:25:00+00:00,10225.0,2840.0,1905.0,10225.0,2840.0,1905.0,10250.0,2840.0,1910.0,10200.0,2830.0,1905.0,10250.0,2840.0,1910.0,619000,547800,45400.0
2024-12-04 04:30:00+00:00,10225.0,2840.0,1910.0,10225.0,2840.0,1910.0,10250.0,2840.0,1910.0,10200.0,2830.0,1905.0,10225.0,2840.0,1905.0,1579900,214500,51100.0
2024-12-04 04:35:00+00:00,10225.0,2840.0,1905.0,10225.0,2840.0,1905.0,10250.0,2840.0,1910.0,10200.0,2830.0,1905.0,10225.0,2840.0,1910.0,273300,611900,42900.0
2024-12-04 04:40:00+00:00,10225.0,2830.0,1910.0,10225.0,2830.0,1910.0,10250.0,2840.0,1910.0,10200.0,2830.0,1905.0,10225.0,2840.0,1910.0,574900,393000,13000.0
2024-12-04 04:45:00+00:00,10250.0,2840.0,1910.0,10250.0,2840.0,1910.0,10250.0,2840.0,1910.0,10200.0,2830.0,1905.0,10250.0,2830.0,1910.0,348200,207500,16100.0
2024-12-04 04:50:00+00:00,10225.0,2830.0,1910.0,10225.0,2830.0,1910.0,10250.0,2840.0,1910.0,10200.0,2820.0,1905.0,10200.0,2840.0,1910.0,599100,1013700,31200.0
2024-12-04 04:55:00+00:00,10225.0,2830.0,1905.0,10225.0,2830.0,1905.0,10250.0,2830.0,1910.0,10200.0,2820.0,1905.0,10225.0,2830.0,1905.0,443000,241300,86900.0
2024-12-04 06:30:00+00:00,10225.0,2840.0,1905.0,10225.0,2840.0,1905.0,10250.0,2840.0,1910.0,10200.0,2820.0,1905.0,10225.0,2830.0,1905.0,4776800,539300,90100.0
2024-12-04 06:35:00+00:00,10225.0,2830.0,1905.0,10225.0,2830.0,1905.0,10225.0,2840.0,1910.0,10200.0,2830.0,1905.0,10200.0,2830.0,1905.0,298800,394900,14900.0
2024-12-04 06:40:00+00:00,10225.0,2830.0,1910.0,10225.0,2830.0,1910.0,10225.0,2840.0,1910.0,10200.0,2830.0,1905.0,10225.0,2840.0,1910.0,257600,188500,164800.0
2024-12-04 06:45:00+00:00,10225.0,2840.0,1910.0,10225.0,2840.0,1910.0,10225.0,2840.0,1910.0,10200.0,2830.0,1905.0,10200.0,2840.0,1905.0,428400,246400,45300.0
2024-12-04 06:50:00+00:00,10225.0,2840.0,1905.0,10225.0,2840.0,1905.0,10225.0,2840.0,1910.0,10200.0,2830.0,1905.0,10200.0,2840.0,1910.0,308500,597200,43400.0
2024-12-04 06:55:00+00:00,10225.0,2840.0,1905.0,10225.0,2840.0,1905.0,10225.0,2840.0,1905.0,10200.0,2830.0,1900.0,10200.0,2840.0,1905.0,180000,489200,18300.0
2024-12-04 07:00:00+00:00,10200.0,2850.0,1905.0,10200.0,2850.0,1905.0,10225.0,2850.0,1905.0,10200.0,2830.0,1895.0,10225.0,2840.0,1905.0,4759700,813900,300600.0
2024-12-04 07:05:00+00:00,10225.0,2830.0,1905.0,10225.0,2830.0,1905.0,10225.0,2850.0,1910.0,10200.0,2830.0,1900.0,10225.0,2850.0,1900.0,285800,1031800,100000.0
2024-12-04 07:10:00+00:00,10225.0,2840.0,1910.0,10225.0,2840.0,1910.0,10225.0,2840.0,1910.0,10200.0,2830.0,1905.0,10225.0,2830.0,1905.0,428300,815000,18700.0
2024-12-04 07:15:00+00:00,10200.0,2830.0,1910.0,10200.0,2830.0,1910.0,10225.0,2840.0,1910.0,10200.0,2830.0,1905.0,10200.0,2830.0,1910.0,1097700,1712400,13800.0
2024-12-04 07:20:00+00:00,10250.0,2830.0,1905.0,10250.0,2830.0,1905.0,10250.0,2840.0,1910.0,10200.0,2820.0,1905.0,10200.0,2830.0,1905.0,4575600,1023300,185300.0
2024-12-04 07:25:00+00:00,10250.0,2840.0,1905.0,10250.0,2840.0,1905.0,10250.0,2840.0,1905.0,10225.0,2830.0,1900.0,10225.0,2830.0,1900.0,169100,346100,594000.0
2024-12-04 07:30:00+00:00,10225.0,2840.0,1900.0,10225.0,2840.0,1900.0,10250.0,2840.0,1905.0,10200.0,2830.0,1895.0,10225.0,2840.0,1905.0,1497700,233900,43100.0
2024-12-04 07:35:00+00:00,10225.0,2840.0,1900.0,10225.0,2840.0,1900.0,10250.0,2840.0,1900.0,10225.0,2830.0,1895.0,10250.0,2840.0,1900.0,203400,196600,115800.0
2024-12-04 07:40:00+00:00,10225.0,2840.0,1900.0,10225.0,2840.0,1900.0,10250.0,2840.0,1900.0,10200.0,2830.0,1895.0,10225.0,2840.0,1895.0,2045100,248400,49700.0
2024-12-04 07:45:00+00:00,10225.0,2830.0,1900.0,10225.0,2830.0,1900.0,10250.0,2840.0,1900.0,10200.0,2830.0,1895.0,10200.0,2830.0,1900.0,5611700,432100,24400.0
2024-12-04 07:50:00+00:00,10250.0,2830.0,1895.0,10250.0,2830.0,1895.0,10250.0,2840.0,1900.0,10225.0,2830.0,1895.0,10225.0,2830.0,1895.0,68700,737200,38100.0
2024-12-04 07:55:00+00:00,10250.0,2830.0,1895.0,10250.0,2830.0,1895.0,10250.0,2840.0,1900.0,10200.0,2830.0,1895.0,10250.0,2830.0,1895.0,682900,470900,92600.0
2024-12-04 08:00:00+00:00,10225.0,2830.0,1900.0,10225.0,2830.0,1900.0,10250.0,2840.0,1900.0,10200.0,2830.0,1895.0,10250.0,2840.0,1900.0,1284600,1212300,59900.0
2024-12-04 08:05:00+00:00,10200.0,2830.0,1900.0,10200.0,2830.0,1900.0,10250.0,2840.0,1900.0,10200.0,2830.0,1895.0,10225.0,2830.0,1900.0,577800,492500,46000.0
2024-12-04 08:10:00+00:00,10200.0,2830.0,1895.0,10200.0,2830.0,1895.0,10225.0,2840.0,1900.0,10200.0,2830.0,1895.0,10225.0,2830.0,1900.0,108400,324900,177400.0
2024-12-04 08:15:00+00:00,10225.0,2840.0,1900.0,10225.0,2840.0,1900.0,10225.0,2840.0,1900.0,10200.0,2830.0,1895.0,10200.0,2840.0,1900.0,905900,1300500,428000.0
2024-12-04 08:20:00+00:00,10225.0,2840.0,1900.0,10225.0,2840.0,1900.0,10225.0,2840.0,1905.0,10200.0,2830.0,1900.0,10225.0,2830.0,1900.0,228900,466100,189300.0
2024-12-04 08:25:00+00:00,10225.0,2840.0,1900.0,10225.0,2840.0,1900.0,10225.0,2840.0,1905.0,10200.0,2830.0,1900.0,10225.0,2830.0,1905.0,443100,437600,56300.0
2024-12-04 08:30:00+00:00,10225.0,2840.0,1900.0,10225.0,2840.0,1900.0,10225.0,2840.0,1905.0,10200.0,2830.0,1900.0,10225.0,2830.0,1900.0,262300,1002700,269700.0
2024-12-04 08:35:00+00:00,10200.0,2840.0,1900.0,10200.0,2840.0,1900.0,10225.0,2840.0,1905.0,10200.0,2830.0,1900.0,10200.0,2830.0,1900.0,360400,899600,57700.0
2024-12-04 08:40:00+00:00,10225.0,2840.0,1905.0,10225.0,2840.0,1905.0,10225.0,2840.0,1910.0,10200.0,2830.0,1900.0,10225.0,2830.0,1900.0,744600,3956200,478100.0
2024-12-04 08:45:00+00:00,10200.0,2830.0,1910.0,10200.0,2830.0,1910.0,10225.0,2840.0,1910.0,10200.0,2830.0,1905.0,10200.0,2830.0,1905.0,783300,1302800,523700.0
2024-12-04 09:00:00+00:00,10200.0,2840.0,1910.0,10200.0,2840.0,1910.0,10200.0,2840.0,1910.0,10200.0,2840.0,1910.0,10200.0,2840.0,1910.0,23539500,23933000,1859800.0
2024-12-04 09:05:00+00:00,10200.0,2840.0,1910.0,10200.0,2840.0,1910.0,10200.0,2840.0,1910.0,10200.0,2840.0,1910.0,10200.0,2840.0,1910.0,8100,38200,13500.0
2024-12-04 09:10:00+00:00,10200.0,2840.0,1910.0,10200.0,2840.0,1910.0,10200.0,2840.0,1910.0,10200.0,2840.0,1910.0,10200.0,2840.0,1910.0,10900,308800,900.0
2024-12-05 02:00:00+00:00,10275.0,2800.0,1875.0,10275.0,2800.0,1875.0,10275.0,2840.0,1890.0,10225.0,2780.0,1870.0,10225.0,2840.0,1890.0,8015500,0,621400.0
2024-12-05 02:05:00+00:00,10250.0,2790.0,1875.0,10250.0,2790.0,1875.0,10250.0,2810.0,1880.0,10225.0,2790.0,1870.0,10250.0,2800.0,1880.0,769100,1310500,102300.0
2024-12-05 02:10:00+00:00,10250.0,2790.0,1870.0,10250.0,2790.0,1870.0,10275.0,2800.0,1875.0,10225.0,2780.0,1865.0,10225.0,2800.0,1875.0,2592800,2946300,346900.0
2024-12-05 02:15:00+00:00,10225.0,2800.0,1875.0,10225.0,2800.0,1875.0,10275.0,2800.0,1875.0,10225.0,2790.0,1870.0,10250.0,2800.0,1870.0,672200,302700,76700.0
2024-12-05 02:20:00+00:00,10275.0,2800.0,1880.0,10275.0,2800.0,1880.0,10275.0,2810.0,1880.0,10225.0,2790.0,1870.0,10225.0,2790.0,1870.0,1565500,1518100,301700.0
2024-12-05 02:25:00+00:00,10250.0,2790.0,1890.0,10250.0,2790.0,1890.0,10275.0,2800.0,1890.0,10250.0,2790.0,1885.0,10250.0,2800.0,1885.0,386200,1364400,93300.0
2024-12-05 02:30:00+00:00,10250.0,2790.0,1880.0,10250.0,2790.0,1880.0,10275.0,2800.0,1890.0,10225.0,2780.0,1880.0,10250.0,2800.0,1885.0,2041800,1603300,68400.0
2024-12-05 02:35:00+00:00,10250.0,2780.0,1875.0,10250.0,2780.0,1875.0,10275.0,2790.0,1885.0,10250.0,2780.0,1870.0,10250.0,2790.0,1885.0,235300,403600,131300.0
2024-12-05 02:40:00+00:00,10250.0,2790.0,1875.0,10250.0,2790.0,1875.0,10275.0,2790.0,1875.0,10250.0,2780.0,1870.0,10250.0,2790.0,1875.0,224500,891900,60600.0
2024-12-05 02:45:00+00:00,10250.0,2780.0,1875.0,10250.0,2780.0,1875.0,10275.0,2790.0,1875.0,10225.0,2760.0,1870.0,10275.0,2780.0,1875.0,411700,4669600,11200.0
2024-12-05 02:50:00+00:00,10225.0,2780.0,1875.0,10225.0,2780.0,1875.0,10250.0,2780.0,1875.0,10225.0,2770.0,1870.0,10225.0,2770.0,1875.0,1129000,156600,45700.0
2024-12-05 02:55:00+00:00,10225.0,2780.0,1870.0,10225.0,2780.0,1870.0,10250.0,2780.0,1880.0,10225.0,2770.0,1865.0,10250.0,2770.0,1875.0,87000,216700,351800.0
2024-12-05 03:00:00+00:00,10275.0,2770.0,1870.0,10275.0,2770.0,1870.0,10275.0,2780.0,1870.0,10225.0,2770.0,1865.0,10225.0,2780.0,1870.0,1680400,269800,21800.0
2024-12-05 03:05:00+00:00,10250.0,2770.0,1875.0,10250.0,2770.0,1875.0,10275.0,2780.0,1875.0,10250.0,2770.0,1865.0,10250.0,2770.0,1865.0,196500,420900,32100.0
2024-12-05 03:10:00+00:00,10250.0,2770.0,1875.0,10250.0,2770.0,1875.0,10275.0,2780.0,1875.0,10250.0,2770.0,1870.0,10250.0,2780.0,1875.0,241700,353200,14800.0
2024-12-05 03:15:00+00:00,10275.0,2770.0,1875.0,10275.0,2770.0,1875.0,10275.0,2780.0,1875.0,10250.0,2770.0,1870.0,10250.0,2770.0,1875.0,236800,771500,10000.0
2024-12-05 03:20:00+00:00,10250.0,2770.0,1880.0,10250.0,2770.0,1880.0,10275.0,2780.0,1880.0,10250.0,2770.0,1865.0,10250.0,2780.0,1875.0,267700,1501100,299700.0
2024-12-05 03:25:00+00:00,10275.0,2770.0,1875.0,10275.0,2770.0,1875.0,10275.0,2780.0,1880.0,10250.0,2760.0,1875.0,10250.0,2770.0,1880.0,249100,904900,13200.0
2024-12-05 03:30:00+00:00,10275.0,2760.0,1875.0,10275.0,2760.0,1875.0,10275.0,2770.0,1875.0,10250.0,2760.0,1865.0,10250.0,2760.0,1875.0,831000,554900,41400.0
2024-12-05 03:35:00+00:00,10250.0,2770.0,1875.0,10250.0,2770.0,1875.0,10275.0,2770.0,1875.0,10250.0,2760.0,1870.0,10250.0,2770.0,1875.0,98400,1035900,16300.0
2024-12-05 03:40:00+00:00,10250.0,2770.0,1875.0,10250.0,2770.0,1875.0,10275.0,2770.0,1875.0,10250.0,2760.0,1870.0,10250.0,2760.0,1870.0,632800,103000,13400.0
2024-12-05 03:45:00+00:00,10250.0,2760.0,1875.0,10250.0,2760.0,1875.0,10275.0,2770.0,1875.0,10250.0,2760.0,1870.0,10250.0,2770.0,1875.0,243700,129700,8300.0
2024-12-05 03:50:00+00:00,10275.0,2770.0,1875.0,10275.0,2770.0,1875.0,10275.0,2770.0,1875.0,10250.0,2760.0,1870.0,10250.0,2760.0,1875.0,257500,250000,9500.0
2024-12-05 03:55:00+00:00,10250.0,2770.0,1870.0,10250.0,2770.0,1870.0,10275.0,2770.0,1875.0,10250.0,2760.0,1870.0,10275.0,2760.0,1870.0,294700,234600,34200.0
2024-12-05 04:00:00+00:00,10250.0,2750.0,1865.0,10250.0,2750.0,1865.0,10275.0,2770.0,1870.0,10250.0,2750.0,1850.0,10250.0,2760.0,1870.0,438900,2226700,713000.0
2024-12-05 04:05:00+00:00,10250.0,2750.0,1865.0,10250.0,2750.0,1865.0,10275.0,2760.0,1870.0,10250.0,2750.0,1860.0,10250.0,2760.0,1865.0,1059700,163800,15700.0
2024-12-05 04:10:00+00:00,10250.0,2750.0,1870.0,10250.0,2750.0,1870.0,10275.0,2760.0,1870.0,10225.0,2730.0,1865.0,10250.0,2750.0,1865.0,1910900,6251700,3700.0
2024-12-05 04:15:00+00:00,10250.0,2760.0,1870.0,10250.0,2760.0,1870.0,10275.0,2770.0,1875.0,10250.0,2740.0,1870.0,10250.0,2750.0,1870.0,88500,5070400,22600.0
2024-12-05 04:20:00+00:00,10250.0,2760.0,1870.0,10250.0,2760.0,1870.0,10275.0,2760.0,1870.0,10250.0,2750.0,1865.0,10250.0,2760.0,1870.0,142400,245700,16900.0
2024-12-05 04:25:00+00:00,10250.0,2760.0,1875.0,10250.0,2760.0,1875.0,10275.0,2760.0,1875.0,10250.0,2750.0,1865.0,10275.0,2760.0,1870.0,212600,342900,24400.0
2024-12-05 04:30:00+00:00,10250.0,2750.0,1865.0,10250.0,2750.0,1865.0,10275.0,2760.0,1875.0,10250.0,2750.0,1860.0,10250.0,2760.0,1875.0,319000,98400,287800.0
2024-12-05 04:35:00+00:00,10250.0,2750.0,1880.0,10250.0,2750.0,1880.0,10275.0,2760.0,1880.0,10250.0,2740.0,1860.0,10250.0,2760.0,1865.0,311100,1968200,183400.0
2024-12-05 04:40:00+00:00,10250.0,2750.0,1870.0,10250.0,2750.0,1870.0,10275.0,2750.0,1875.0,10225.0,2740.0,1870.0,10250.0,2750.0,1875.0,1092800,98100,800.0
2024-12-05 04:45:00+00:00,10250.0,2740.0,1880.0,10250.0,2740.0,1880.0,10275.0,2750.0,1880.0,10225.0,2740.0,1870.0,10250.0,2750.0,1870.0,2175700,671300,45800.0
2024-12-05 04:50:00+00:00,10250.0,2740.0,1870.0,10250.0,2740.0,1870.0,10275.0,2750.0,1875.0,10250.0,2740.0,1870.0,10250.0,2750.0,1875.0,447500,761600,9900.0
2024-12-05 04:55:00+00:00,10250.0,2730.0,1870.0,10250.0,2730.0,1870.0,10275.0,2750.0,1875.0,10250.0,2730.0,1865.0,10250.0,2740.0,1875.0,334300,1331300,62800.0
2024-12-05 06:30:00+00:00,10250.0,2760.0,1870.0,10250.0,2760.0,1870.0,10275.0,2760.0,1870.0,10225.0,2730.0,1865.0,10250.0,2740.0,1865.0,973700,2261800,61100.0
2024-12-05 06:35:00+00:00,10250.0,2750.0,1870.0,10250.0,2750.0,1870.0,10275.0,2760.0,1870.0,10250.0,2730.0,1865.0,10250.0,2760.0,1870.0,79100,3730200,7300.0
2024-12-05 06:40:00+00:00,10275.0,2750.0,1870.0,10275.0,2750.0,1870.0,10275.0,2750.0,1875.0,10250.0,2740.0,1870.0,10275.0,2750.0,1870.0,129300,64100,27000.0
2024-12-05 06:45:00+00:00,10250.0,2750.0,1870.0,10250.0,2750.0,1870.0,10275.0,2750.0,1875.0,10250.0,2740.0,1870.0,10275.0,2750.0,1870.0,244100,125600,31600.0
2024-12-05 06:50:00+00:00,10275.0,2750.0,1870.0,10275.0,2750.0,1870.0,10275.0,2750.0,1875.0,10250.0,2740.0,1865.0,10250.0,2750.0,1870.0,142500,297300,40300.0
2024-12-05 06:55:00+00:00,10275.0,2750.0,1870.0,10275.0,2750.0,1870.0,10275.0,2750.0,1875.0,10250.0,2740.0,1870.0,10250.0,2750.0,1875.0,356200,721800,9600.0
2024-12-05 07:00:00+00:00,10275.0,2750.0,1870.0,10275.0,2750.0,1870.0,10275.0,2750.0,1870.0,10250.0,2740.0,1865.0,10275.0,2750.0,1870.0,198700,369900,21400.0
2024-12-05 07:05:00+00:00,10250.0,2750.0,1865.0,10250.0,2750.0,1865.0,10275.0,2750.0,1870.0,10250.0,2740.0,1865.0,10250.0,2750.0,1870.0,215800,693500,11500.0
2024-12-05 07:10:00+00:00,10250.0,2740.0,1865.0,10250.0,2740.0,1865.0,10275.0,2750.0,1870.0,10250.0,2740.0,1865.0,10250.0,2750.0,1865.0,1309200,1326200,3900.0
2024-12-05 07:15:00+00:00,10250.0,2760.0,1870.0,10250.0,2760.0,1870.0,10275.0,2760.0,1870.0,10250.0,2750.0,1865.0,10250.0,2750.0,1865.0,966600,1306500,21800.0
2024-12-05 07:20:00+00:00,10275.0,2760.0,1870.0,10275.0,2760.0,1870.0,10275.0,2770.0,1870.0,10250.0,2750.0,1865.0,10250.0,2750.0,1870.0,227300,1241000,17100.0
2024-12-05 07:25:00+00:00,10275.0,2760.0,1870.0,10275.0,2760.0,1870.0,10275.0,2770.0,1870.0,10250.0,2760.0,1865.0,10250.0,2760.0,1870.0,381300,1424600,14300.0
2024-12-05 07:30:00+00:00,10250.0,2760.0,1865.0,10250.0,2760.0,1865.0,10275.0,2770.0,1870.0,10250.0,2750.0,1865.0,10275.0,2760.0,1870.0,464600,575900,19100.0
2024-12-05 07:35:00+00:00,10250.0,2770.0,1870.0,10250.0,2770.0,1870.0,10275.0,2770.0,1870.0,10250.0,2760.0,1865.0,10275.0,2770.0,1870.0,247700,117000,16900.0
2024-12-05 07:40:00+00:00,10250.0,2770.0,1865.0,10250.0,2770.0,1865.0,10275.0,2770.0,1870.0,10250.0,2750.0,1865.0,10250.0,2760.0,1870.0,652000,1723400,2300.0
2024-12-05 07:45:00+00:00,10250.0,2760.0,1870.0,10250.0,2760.0,1870.0,10275.0,2770.0,1870.0,10250.0,2760.0,1865.0,10250.0,2770.0,1870.0,465200,237800,9500.0
2024-12-05 07:50:00+00:00,10300.0,2770.0,1865.0,10300.0,2770.0,1865.0,10325.0,2770.0,1870.0,10275.0,2760.0,1865.0,10275.0,2760.0,1870.0,9971700,117900,2100.0
2024-12-05 07:55:00+00:00,10300.0,2770.0,1865.0,10300.0,2770.0,1865.0,10325.0,2770.0,1870.0,10300.0,2760.0,1865.0,10300.0,2770.0,1865.0,1156400,444100,19300.0
2024-12-05 08:00:00+00:00,10275.0,2770.0,1865.0,10275.0,2770.0,1865.0,10300.0,2770.0,1870.0,10275.0,2760.0,1865.0,10275.0,2770.0,1870.0,176200,1141200,3800.0
2024-12-05 08:05:00+00:00,10275.0,2760.0,1870.0,10275.0,2760.0,1870.0,10300.0,2770.0,1870.0,10275.0,2750.0,1865.0,10275.0,2760.0,1865.0,112900,3426500,16300.0
2024-12-05 08:10:00+00:00,10275.0,2760.0,1870.0,10275.0,2760.0,1870.0,10300.0,2770.0,1870.0,10275.0,2760.0,1865.0,10300.0,2770.0,1870.0,146600,325200,3300.0
2024-12-05 08:15:00+00:00,10275.0,2770.0,1865.0,10275.0,2770.0,1865.0,10300.0,2770.0,1870.0,10275.0,2760.0,1865.0,10300.0,2770.0,1865.0,289700,402000,66800.0
2024-12-05 08:20:00+00:00,10300.0,2760.0,1865.0,10300.0,2760.0,1865.0,10325.0,2770.0,1870.0,10275.0,2760.0,1865.0,10275.0,2770.0,1870.0,3331900,1703400,24700.0
2024-12-05 08:25:00+00:00,10300.0,2760.0,1870.0,10300.0,2760.0,1870.0,10325.0,2760.0,1870.0,10300.0,2750.0,1865.0,10325.0,2750.0,1865.0,364300,1488300,116500.0
2024-12-05 08:30:00+00:00,10300.0,2770.0,1865.0,10300.0,2770.0,1865.0,10325.0,2770.0,1870.0,10300.0,2760.0,1865.0,10325.0,2760.0,1865.0,386400,997100,49000.0
2024-12-05 08:35:00+00:00,10300.0,2760.0,1870.0,10300.0,2760.0,1870.0,10325.0,2770.0,1875.0,10300.0,2750.0,1865.0,10300.0,2770.0,1865.0,1224000,3249100,62100.0
2024-12-05 08:40:00+00:00,10350.0,2750.0,1875.0,10350.0,2750.0,1875.0,10350.0,2770.0,1875.0,10300.0,2750.0,1870.0,10325.0,2760.0,1870.0,4876900,1148700,24900.0
2024-12-05 08:45:00+00:00,10325.0,2770.0,1865.0,10325.0,2770.0,1865.0,10350.0,2770.0,1875.0,10325.0,2750.0,1865.0,10350.0,2750.0,1875.0,6139100,2919200,197300.0
2024-12-05 09:00:00+00:00,10250.0,2770.0,1875.0,10250.0,2770.0,1875.0,10250.0,2770.0,1875.0,10250.0,2770.0,1875.0,10250.0,2770.0,1875.0,29678600,14687600,1278600.0
2024-12-05 09:05:00+00:00,10250.0,2770.0,1875.0,10250.0,2770.0,1875.0,10250.0,2770.0,1875.0,10250.0,2770.0,1875.0,10250.0,2770.0,1875.0,20300,22700,19100.0
2024-12-05 09:10:00+00:00,10250.0,2770.0,1875.0,10250.0,2770.0,1875.0,10250.0,2770.0,1875.0,10250.0,2770.0,1875.0,10250.0,2770.0,1875.0,4600,18800,200.0
2024-12-06 02:00:00+00:00,10125.0,2740.0,1875.0,10125.0,2740.0,1875.0,10150.0,2750.0,1880.0,10100.0,2740.0,1875.0,10125.0,2740.0,1875.0,16215600,2285500,55500.0
2024-12-06 02:05:00+00:00,10150.0,2760.0,1875.0,10150.0,2760.0,1875.0,10150.0,2760.0,1880.0,10125.0,2740.0,1870.0,10150.0,2750.0,1880.0,509900,1525200,98500.0
2024-12-06 02:10:00+00:00,10150.0,2760.0,1870.0,10150.0,2760.0,1870.0,10150.0,2770.0,1875.0,10125.0,2750.0,1870.0,10150.0,2760.0,1875.0,385300,747900,73500.0
2024-12-06 02:15:00+00:00,10150.0,2760.0,1875.0,10150.0,2760.0,1875.0,10150.0,2770.0,1875.0,10125.0,2760.0,1870.0,10150.0,2770.0,1870.0,239700,748500,77100.0
2024-12-06 02:20:00+00:00,10150.0,2750.0,1875.0,10150.0,2750.0,1875.0,10150.0,2770.0,1880.0,10125.0,2740.0,1875.0,10125.0,2760.0,1875.0,227400,3188900,21900.0
2024-12-06 02:25:00+00:00,10150.0,2770.0,1880.0,10150.0,2770.0,1880.0,10150.0,2780.0,1880.0,10125.0,2740.0,1875.0,10150.0,2740.0,1875.0,173100,4216400,38500.0
2024-12-06 02:30:00+00:00,10150.0,2760.0,1875.0,10150.0,2760.0,1875.0,10150.0,2770.0,1880.0,10125.0,2750.0,1875.0,10150.0,2770.0,1875.0,120000,463400,20000.0
2024-12-06 02:35:00+00:00,10150.0,2760.0,1875.0,10150.0,2760.0,1875.0,10150.0,2760.0,1875.0,10125.0,2750.0,1875.0,10150.0,2760.0,1875.0,109800,232900,1300.0
2024-12-06 02:40:00+00:00,10150.0,2760.0,1870.0,10150.0,2760.0,1870.0,10150.0,2760.0,1875.0,10125.0,2750.0,1870.0,10125.0,2760.0,1875.0,147300,95400,70800.0
2024-12-06 02:45:00+00:00,10175.0,2760.0,1875.0,10175.0,2760.0,1875.0,10175.0,2760.0,1875.0,10125.0,2750.0,1870.0,10125.0,2760.0,1875.0,1328100,149800,4700.0
2024-12-06 02:50:00+00:00,10175.0,2750.0,1870.0,10175.0,2750.0,1870.0,10175.0,2760.0,1875.0,10150.0,2750.0,1870.0,10150.0,2750.0,1870.0,312900,117900,33800.0
2024-12-06 02:55:00+00:00,10175.0,2750.0,1875.0,10175.0,2750.0,1875.0,10175.0,2760.0,1875.0,10150.0,2750.0,1870.0,10175.0,2760.0,1875.0,102000,187500,10700.0
2024-12-06 03:00:00+00:00,10175.0,2750.0,1870.0,10175.0,2750.0,1870.0,10175.0,2760.0,1875.0,10150.0,2750.0,1870.0,10175.0,2760.0,1875.0,440000,136800,26900.0
2024-12-06 03:05:00+00:00,10175.0,2750.0,1870.0,10175.0,2750.0,1870.0,10175.0,2760.0,1875.0,10150.0,2750.0,1870.0,10175.0,2750.0,1870.0,68000,171700,7900.0
2024-12-06 03:10:00+00:00,10150.0,2750.0,1870.0,10150.0,2750.0,1870.0,10175.0,2760.0,1875.0,10150.0,2750.0,1870.0,10175.0,2760.0,1875.0,109700,252100,37500.0
2024-12-06 03:15:00+00:00,10175.0,2750.0,1870.0,10175.0,2750.0,1870.0,10175.0,2760.0,1875.0,10150.0,2750.0,1870.0,10175.0,2750.0,1870.0,166600,115800,0.0
2024-12-06 03:20:00+00:00,10150.0,2750.0,1875.0,10150.0,2750.0,1875.0,10175.0,2760.0,1875.0,10125.0,2750.0,1870.0,10150.0,2750.0,1875.0,3952400,108000,7400.0
2024-12-06 03:25:00+00:00,10150.0,2750.0,1875.0,10150.0,2750.0,1875.0,10150.0,2760.0,1875.0,10125.0,2750.0,1875.0,10150.0,2750.0,1875.0,537300,102600,4200.0
2024-12-06 03:30:00+00:00,10150.0,2750.0,1875.0,10150.0,2750.0,1875.0,10150.0,2760.0,1875.0,10125.0,2750.0,1870.0,10150.0,2750.0,1875.0,1321600,140000,17400.0
2024-12-06 03:35:00+00:00,10125.0,2750.0,1875.0,10125.0,2750.0,1875.0,10150.0,2760.0,1875.0,10125.0,2750.0,1870.0,10150.0,2750.0,1870.0,56700,120100,27600.0
2024-12-06 03:40:00+00:00,10125.0,2750.0,1875.0,10125.0,2750.0,1875.0,10150.0,2760.0,1875.0,10125.0,2750.0,1870.0,10125.0,2750.0,1870.0,96200,292800,3200.0
2024-12-06 03:45:00+00:00,10150.0,2750.0,1875.0,10150.0,2750.0,1875.0,10150.0,2760.0,1875.0,10125.0,2750.0,1870.0,10125.0,2750.0,1875.0,54800,97300,5800.0
2024-12-06 03:50:00+00:00,10150.0,2750.0,1875.0,10150.0,2750.0,1875.0,10150.0,2760.0,1875.0,10125.0,2750.0,1870.0,10150.0,2750.0,1870.0,46000,174600,6300.0
2024-12-06 03:55:00+00:00,10125.0,2760.0,1875.0,10125.0,2760.0,1875.0,10150.0,2760.0,1875.0,10100.0,2750.0,1870.0,10150.0,2750.0,1875.0,1268200,274700,9400.0
2024-12-06 04:00:00+00:00,10100.0,2760.0,1870.0,10100.0,2760.0,1870.0,10125.0,2760.0,1875.0,10100.0,2750.0,1870.0,10100.0,2750.0,1870.0,42200,897500,138800.0
2024-12-06 04:05:00+00:00,10125.0,2760.0,1875.0,10125.0,2760.0,1875.0,10125.0,2760.0,1875.0,10100.0,2750.0,1870.0,10125.0,2760.0,1875.0,94600,67000,56900.0
2024-12-06 04:10:00+00:00,10125.0,2750.0,1870.0,10125.0,2750.0,1870.0,10125.0,2760.0,1875.0,10100.0,2750.0,1870.0,10125.0,2750.0,1870.0,85600,66700,79300.0
2024-12-06 04:15:00+00:00,10125.0,2760.0,1870.0,10125.0,2760.0,1870.0,10125.0,2760.0,1875.0,10100.0,2750.0,1870.0,10125.0,2760.0,1870.0,49200,187400,2200.0
2024-12-06 04:20:00+00:00,10100.0,2750.0,1875.0,10100.0,2750.0,1875.0,10125.0,2760.0,1875.0,10100.0,2750.0,1870.0,10100.0,2750.0,1870.0,222600,148500,9200.0
2024-12-06 04:25:00+00:00,10125.0,2750.0,1870.0,10125.0,2750.0,1870.0,10125.0,2760.0,1875.0,10100.0,2750.0,1870.0,10125.0,2750.0,1870.0,221000,234700,41400.0
2024-12-06 07:00:00+00:00,10125.0,2740.0,1870.0,10125.0,2740.0,1870.0,10150.0,2770.0,1880.0,10100.0,2740.0,1870.0,10125.0,2760.0,1875.0,4411000,2367700,283600.0
2024-12-06 07:05:00+00:00,10100.0,2750.0,1870.0,10100.0,2750.0,1870.0,10125.0,2750.0,1875.0,10100.0,2740.0,1870.0,10125.0,2750.0,1875.0,204800,483900,0.0
2024-12-06 07:10:00+00:00,10125.0,2750.0,1875.0,10125.0,2750.0,1875.0,10125.0,2750.0,1875.0,10100.0,2740.0,1870.0,10125.0,2740.0,1870.0,117100,21200,67500.0
2024-12-06 07:15:00+00:00,10100.0,2740.0,1875.0,10100.0,2740.0,1875.0,10150.0,2750.0,1875.0,10100.0,2740.0,1870.0,10125.0,2740.0,1870.0,3419900,305200,20500.0
2024-12-06 07:20:00+00:00,10125.0,2750.0,1870.0,10125.0,2750.0,1870.0,10125.0,2750.0,1875.0,10100.0,2740.0,1870.0,10125.0,2740.0,1870.0,157500,74600,22400.0
2024-12-06 07:25:00+00:00,10100.0,2750.0,1875.0,10100.0,2750.0,1875.0,10125.0,2750.0,1875.0,10100.0,2740.0,1870.0,10100.0,2750.0,1875.0,82000,130400,671200.0
2024-12-06 07:30:00+00:00,10125.0,2740.0,1875.0,10125.0,2740.0,1875.0,10125.0,2750.0,1875.0,10100.0,2740.0,1875.0,10125.0,2740.0,1875.0,125100,254700,3100.0
2024-12-06 07:35:00+00:00,10075.0,2750.0,1875.0,10075.0,2750.0,1875.0,10125.0,2750.0,1875.0,10075.0,2740.0,1870.0,10125.0,2740.0,1875.0,3943300,339700,24800.0
2024-12-06 07:40:00+00:00,10075.0,2740.0,1865.0,10075.0,2740.0,1865.0,10100.0,2750.0,1875.0,10075.0,2740.0,1865.0,10075.0,2740.0,1870.0,149600,196700,399700.0
2024-12-06 07:45:00+00:00,10075.0,2740.0,1870.0,10075.0,2740.0,1870.0,10100.0,2750.0,1870.0,10075.0,2740.0,1865.0,10100.0,2750.0,1865.0,223600,721000,18000.0
2024-12-06 07:50:00+00:00,10100.0,2750.0,1870.0,10100.0,2750.0,1870.0,10100.0,2750.0,1870.0,10075.0,2740.0,1865.0,10100.0,2740.0,1870.0,288300,2061100,74100.0
2024-12-06 07:55:00+00:00,10100.0,2750.0,1865.0,10100.0,2750.0,1865.0,10100.0,2750.0,1870.0,10075.0,2740.0,1865.0,10100.0,2750.0,1870.0,375700,861400,81200.0
2024-12-06 08:00:00+00:00,10075.0,2750.0,1870.0,10075.0,2750.0,1870.0,10100.0,2760.0,1870.0,10075.0,2740.0,1865.0,10075.0,2750.0,1865.0,696900,1680500,29800.0
2024-12-06 08:05:00+00:00,10075.0,2760.0,1865.0,10075.0,2760.0,1865.0,10100.0,2760.0,1870.0,10075.0,2750.0,1865.0,10100.0,2760.0,1870.0,310700,51300,22900.0
2024-12-06 08:10:00+00:00,10075.0,2740.0,1870.0,10075.0,2740.0,1870.0,10100.0,2760.0,1870.0,10075.0,2740.0,1865.0,10100.0,2750.0,1870.0,348500,3660800,31900.0
2024-12-06 08:15:00+00:00,10050.0,2740.0,1870.0,10050.0,2740.0,1870.0,10100.0,2750.0,1870.0,10050.0,2740.0,1865.0,10075.0,2750.0,1865.0,3411800,391100,47700.0
2024-12-06 08:20:00+00:00,10050.0,2750.0,1865.0,10050.0,2750.0,1865.0,10075.0,2750.0,1870.0,10050.0,2740.0,1865.0,10050.0,2750.0,1870.0,226100,553500,65500.0
2024-12-06 08:25:00+00:00,10050.0,2750.0,1865.0,10050.0,2750.0,1865.0,10075.0,2750.0,1870.0,10050.0,2740.0,1865.0,10075.0,2740.0,1865.0,171600,841900,27100.0
2024-12-06 08:30:00+00:00,10050.0,2750.0,1865.0,10050.0,2750.0,1865.0,10075.0,2750.0,1865.0,10050.0,2740.0,1865.0,10050.0,2740.0,1865.0,292900,231500,29300.0
2024-12-06 08:35:00+00:00,10075.0,2740.0,1865.0,10075.0,2740.0,1865.0,10075.0,2750.0,1870.0,10050.0,2740.0,1865.0,10075.0,2740.0,1865.0,909500,1553000,18300.0
2024-12-06 08:40:00+00:00,10100.0,2740.0,1860.0,10100.0,2740.0,1860.0,10100.0,2750.0,1870.0,10050.0,2740.0,1860.0,10075.0,2740.0,1865.0,5037800,925800,181800.0
2024-12-06 08:45:00+00:00,10100.0,2760.0,1865.0,10100.0,2760.0,1865.0,10100.0,2760.0,1865.0,10075.0,2740.0,1860.0,10100.0,2740.0,1860.0,1422300,2985300,111300.0
2024-12-06 09:00:00+00:00,10075.0,2760.0,1870.0,10075.0,2760.0,1870.0,10075.0,2760.0,1870.0,10075.0,2760.0,1870.0,10075.0,2760.0,1870.0,13022800,9859100,268700.0
2024-12-06 09:05:00+00:00,10075.0,2760.0,1870.0,10075.0,2760.0,1870.0,10075.0,2760.0,1870.0,10075.0,2760.0,1870.0,10075.0,2760.0,1870.0,6500,14600,3600.0
2024-12-06 09:10:00+00:00,10075.0,2760.0,1870.0,10075.0,2760.0,1870.0,10075.0,2760.0,1870.0,10075.0,2760.0,1870.0,10075.0,2760.0,1870.0,188100,66200,28100.0
2024-12-09 02:00:00+00:00,10150.0,2750.0,1880.0,10150.0,2750.0,1880.0,10150.0,2760.0,1885.0,10000.0,2740.0,1865.0,10025.0,2760.0,1870.0,0,0,0.0
2024-12-09 02:05:00+00:00,10175.0,2770.0,1885.0,10175.0,2770.0,1885.0,10175.0,2770.0,1890.0,10125.0,2750.0,1875.0,10150.0,2750.0,1880.0,373200,1854300,172700.0
2024-12-09 02:10:00+00:00,10150.0,2740.0,1880.0,10150.0,2740.0,1880.0,10175.0,2770.0,1890.0,10125.0,2740.0,1880.0,10175.0,2760.0,1885.0,1172500,2791700,91200.0
2024-12-09 02:15:00+00:00,10125.0,2750.0,1880.0,10125.0,2750.0,1880.0,10150.0,2750.0,1885.0,10075.0,2740.0,1880.0,10125.0,2750.0,1885.0,2683800,680400,3700.0
2024-12-09 02:20:00+00:00,10100.0,2750.0,1885.0,10100.0,2750.0,1885.0,10125.0,2760.0,1885.0,10075.0,2740.0,1880.0,10125.0,2740.0,1885.0,709800,741600,68100.0
2024-12-09 02:25:00+00:00,10125.0,2750.0,1880.0,10125.0,2750.0,1880.0,10125.0,2760.0,1885.0,10100.0,2750.0,1875.0,10100.0,2760.0,1885.0,76800,312800,111600.0
2024-12-09 02:30:00+00:00,10100.0,2740.0,1880.0,10100.0,2740.0,1880.0,10125.0,2760.0,1880.0,10100.0,2740.0,1875.0,10125.0,2750.0,1880.0,456800,2154800,21300.0
2024-12-09 02:35:00+00:00,10150.0,2740.0,1880.0,10150.0,2740.0,1880.0,10150.0,2750.0,1885.0,10100.0,2740.0,1880.0,10100.0,2740.0,1880.0,496900,870400,21200.0
2024-12-09 02:40:00+00:00,10150.0,2740.0,1880.0,10150.0,2740.0,1880.0,10150.0,2750.0,1880.0,10125.0,2740.0,1875.0,10150.0,2740.0,1880.0,173800,826800,16000.0
2024-12-09 02:45:00+00:00,10125.0,2750.0,1885.0,10125.0,2750.0,1885.0,10150.0,2750.0,1890.0,10125.0,2740.0,1875.0,10125.0,2750.0,1880.0,259300,289200,154200.0
2024-12-09 02:50:00+00:00,10125.0,2740.0,1885.0,10125.0,2740.0,1885.0,10150.0,2750.0,1890.0,10125.0,2740.0,1880.0,10150.0,2740.0,1885.0,292900,256300,45300.0
2024-12-09 02:55:00+00:00,10125.0,2750.0,1885.0,10125.0,2750.0,1885.0,10150.0,2760.0,1890.0,10100.0,2740.0,1885.0,10150.0,2750.0,1890.0,1243300,2981700,30200.0
2024-12-09 03:00:00+00:00,10125.0,2760.0,1890.0,10125.0,2760.0,1890.0,10125.0,2770.0,1890.0,10100.0,2750.0,1885.0,10125.0,2760.0,1890.0,100500,1263600,67700.0
2024-12-09 03:05:00+00:00,10125.0,2760.0,1885.0,10125.0,2760.0,1885.0,10125.0,2770.0,1890.0,10100.0,2750.0,1885.0,10100.0,2770.0,1890.0,52000,625300,82000.0
2024-12-09 03:10:00+00:00,10125.0,2760.0,1885.0,10125.0,2760.0,1885.0,10125.0,2760.0,1890.0,10100.0,2750.0,1885.0,10100.0,2750.0,1890.0,1431000,433300,37600.0
2024-12-09 03:15:00+00:00,10150.0,2750.0,1885.0,10150.0,2750.0,1885.0,10175.0,2760.0,1890.0,10100.0,2750.0,1885.0,10125.0,2760.0,1885.0,1214300,117800,43800.0
2024-12-09 03:20:00+00:00,10175.0,2750.0,1885.0,10175.0,2750.0,1885.0,10200.0,2760.0,1885.0,10150.0,2750.0,1880.0,10150.0,2750.0,1885.0,633400,267700,34400.0
2024-12-09 03:25:00+00:00,10200.0,2750.0,1885.0,10200.0,2750.0,1885.0,10200.0,2760.0,1885.0,10175.0,2740.0,1880.0,10200.0,2750.0,1880.0,347000,1736400,49200.0
2024-12-09 03:30:00+00:00,10175.0,2740.0,1885.0,10175.0,2740.0,1885.0,10200.0,2750.0,1885.0,10175.0,2740.0,1880.0,10200.0,2740.0,1880.0,59500,234700,0.0
2024-12-09 03:35:00+00:00,10200.0,2750.0,1885.0,10200.0,2750.0,1885.0,10200.0,2750.0,1885.0,10175.0,2740.0,1880.0,10175.0,2740.0,1885.0,160300,185500,24400.0
2024-12-09 03:40:00+00:00,10175.0,2750.0,1880.0,10175.0,2750.0,1880.0,10200.0,2750.0,1885.0,10175.0,2740.0,1880.0,10200.0,2740.0,1885.0,198800,227600,2500.0
2024-12-09 03:45:00+00:00,10175.0,2740.0,1880.0,10175.0,2740.0,1880.0,10200.0,2750.0,1885.0,10175.0,2740.0,1880.0,10200.0,2740.0,1880.0,335900,978200,25700.0
2024-12-09 03:50:00+00:00,10175.0,2740.0,1885.0,10175.0,2740.0,1885.0,10200.0,2750.0,1885.0,10175.0,2740.0,1880.0,10175.0,2740.0,1885.0,285400,337000,5300.0
2024-12-09 03:55:00+00:00,10200.0,2740.0,1885.0,10200.0,2740.0,1885.0,10200.0,2750.0,1885.0,10175.0,2740.0,1880.0,10200.0,2740.0,1880.0,256300,248200,11900.0
2024-12-09 04:00:00+00:00,10250.0,2740.0,1895.0,10250.0,2740.0,1895.0,10250.0,2750.0,1895.0,10175.0,2740.0,1880.0,10200.0,2750.0,1880.0,2312300,495900,641300.0
2024-12-09 04:05:00+00:00,10250.0,2740.0,1895.0,10250.0,2740.0,1895.0,10250.0,2750.0,1900.0,10225.0,2730.0,1890.0,10250.0,2740.0,1895.0,156300,1380300,327500.0
2024-12-09 04:10:00+00:00,10250.0,2740.0,1895.0,10250.0,2740.0,1895.0,10250.0,2740.0,1895.0,10225.0,2730.0,1890.0,10250.0,2740.0,1895.0,1085800,237900,131500.0
2024-12-09 04:15:00+00:00,10225.0,2740.0,1890.0,10225.0,2740.0,1890.0,10250.0,2740.0,1895.0,10200.0,2730.0,1890.0,10250.0,2740.0,1895.0,2200500,1344100,92200.0
2024-12-09 04:20:00+00:00,10225.0,2750.0,1895.0,10225.0,2750.0,1895.0,10225.0,2750.0,1895.0,10200.0,2730.0,1890.0,10200.0,2740.0,1895.0,622600,873200,6600.0
2024-12-09 04:25:00+00:00,10225.0,2740.0,1890.0,10225.0,2740.0,1890.0,10225.0,2750.0,1895.0,10200.0,2740.0,1890.0,10225.0,2740.0,1890.0,128400,248200,30700.0
2024-12-09 04:30:00+00:00,10225.0,2750.0,1895.0,10225.0,2750.0,1895.0,10225.0,2750.0,1895.0,10200.0,2740.0,1890.0,10200.0,2740.0,1890.0,160000,238300,900.0
2024-12-09 04:35:00+00:00,10225.0,2740.0,1895.0,10225.0,2740.0,1895.0,10225.0,2750.0,1895.0,10200.0,2740.0,1895.0,10225.0,2740.0,1895.0,117100,156200,5800.0
2024-12-09 04:40:00+00:00,10200.0,2740.0,1895.0,10200.0,2740.0,1895.0,10225.0,2750.0,1895.0,10200.0,2740.0,1890.0,10225.0,2750.0,1890.0,234000,408600,5700.0
2024-12-09 04:45:00+00:00,10200.0,2740.0,1890.0,10200.0,2740.0,1890.0,10225.0,2750.0,1890.0,10200.0,2740.0,1890.0,10225.0,2740.0,1890.0,168400,141700,1100.0
2024-12-09 04:50:00+00:00,10200.0,2740.0,1890.0,10200.0,2740.0,1890.0,10225.0,2750.0,1895.0,10200.0,2740.0,1890.0,10225.0,2750.0,1890.0,281000,464300,20300.0
2024-12-09 04:55:00+00:00,10200.0,2740.0,1890.0,10200.0,2740.0,1890.0,10225.0,2750.0,1895.0,10200.0,2740.0,1890.0,10225.0,2750.0,1895.0,191500,100400,7700.0
2024-12-09 06:30:00+00:00,10225.0,2740.0,1890.0,10225.0,2740.0,1890.0,10225.0,2750.0,1895.0,10200.0,2740.0,1890.0,10200.0,2750.0,1890.0,895100,1746300,107300.0
2024-12-09 06:35:00+00:00,10225.0,2740.0,1895.0,10225.0,2740.0,1895.0,10225.0,2750.0,1895.0,10200.0,2730.0,1890.0,10225.0,2740.0,1890.0,243100,1306600,6200.0
2024-12-09 06:40:00+00:00,10225.0,2750.0,1890.0,10225.0,2750.0,1890.0,10225.0,2750.0,1895.0,10200.0,2730.0,1890.0,10225.0,2740.0,1890.0,147500,1733800,109500.0
2024-12-09 06:45:00+00:00,10200.0,2740.0,1890.0,10200.0,2740.0,1890.0,10225.0,2750.0,1895.0,10200.0,2740.0,1890.0,10225.0,2750.0,1890.0,189100,458700,87700.0
2024-12-09 06:50:00+00:00,10225.0,2740.0,1890.0,10225.0,2740.0,1890.0,10225.0,2750.0,1895.0,10200.0,2740.0,1890.0,10225.0,2740.0,1890.0,234400,315100,30400.0
2024-12-09 06:55:00+00:00,10225.0,2730.0,1915.0,10225.0,2730.0,1915.0,10225.0,2740.0,1915.0,10200.0,2730.0,1895.0,10225.0,2740.0,1895.0,81000,680700,1724100.0
2024-12-09 07:00:00+00:00,10250.0,2740.0,1905.0,10250.0,2740.0,1905.0,10250.0,2740.0,1910.0,10200.0,2730.0,1905.0,10225.0,2730.0,1910.0,887900,730300,176000.0
2024-12-09 07:05:00+00:00,10225.0,2740.0,1905.0,10225.0,2740.0,1905.0,10250.0,2750.0,1910.0,10225.0,2730.0,1905.0,10250.0,2740.0,1905.0,123100,506400,36600.0
2024-12-09 07:10:00+00:00,10250.0,2750.0,1905.0,10250.0,2750.0,1905.0,10250.0,2750.0,1910.0,10225.0,2740.0,1905.0,10225.0,2740.0,1905.0,107100,94700,36000.0
2024-12-09 07:15:00+00:00,10250.0,2740.0,1900.0,10250.0,2740.0,1900.0,10250.0,2750.0,1910.0,10225.0,2740.0,1900.0,10225.0,2740.0,1910.0,246000,467600,224400.0
2024-12-09 07:20:00+00:00,10250.0,2740.0,1905.0,10250.0,2740.0,1905.0,10250.0,2750.0,1905.0,10225.0,2740.0,1900.0,10250.0,2740.0,1905.0,272300,194300,0.0
2024-12-09 07:25:00+00:00,10250.0,2740.0,1900.0,10250.0,2740.0,1900.0,10250.0,2750.0,1905.0,10225.0,2740.0,1900.0,10225.0,2740.0,1905.0,281200,1117900,69600.0
2024-12-09 07:30:00+00:00,10250.0,2740.0,1905.0,10250.0,2740.0,1905.0,10250.0,2750.0,1905.0,10225.0,2740.0,1900.0,10250.0,2740.0,1900.0,465400,363000,41600.0
2024-12-09 07:35:00+00:00,10250.0,2740.0,1905.0,10250.0,2740.0,1905.0,10250.0,2750.0,1905.0,10225.0,2740.0,1900.0,10250.0,2750.0,1900.0,405500,2615900,275900.0
2024-12-09 07:40:00+00:00,10250.0,2740.0,1905.0,10250.0,2740.0,1905.0,10250.0,2750.0,1905.0,10225.0,2740.0,1900.0,10250.0,2740.0,1905.0,441700,414400,41700.0
2024-12-09 07:45:00+00:00,10250.0,2740.0,1905.0,10250.0,2740.0,1905.0,10250.0,2750.0,1910.0,10225.0,2740.0,1900.0,10225.0,2750.0,1905.0,293000,206800,107400.0
2024-12-09 07:50:00+00:00,10250.0,2740.0,1905.0,10250.0,2740.0,1905.0,10250.0,2750.0,1905.0,10225.0,2740.0,1905.0,10225.0,2740.0,1905.0,819100,244400,11200.0
2024-12-09 07:55:00+00:00,10250.0,2740.0,1900.0,10250.0,2740.0,1900.0,10250.0,2750.0,1905.0,10225.0,2740.0,1900.0,10250.0,2750.0,1900.0,352800,311500,171000.0
2024-12-09 08:00:00+00:00,10275.0,2740.0,1900.0,10275.0,2740.0,1900.0,10275.0,2750.0,1905.0,10225.0,2730.0,1900.0,10250.0,2740.0,1900.0,1221900,4367100,49600.0
2024-12-09 08:05:00+00:00,10275.0,2730.0,1895.0,10275.0,2730.0,1895.0,10275.0,2740.0,1905.0,10250.0,2730.0,1895.0,10275.0,2740.0,1900.0,396500,467800,104900.0
2024-12-09 08:10:00+00:00,10275.0,2730.0,1890.0,10275.0,2730.0,1890.0,10275.0,2740.0,1900.0,10250.0,2730.0,1890.0,10250.0,2740.0,1900.0,295900,951500,162700.0
2024-12-09 08:15:00+00:00,10275.0,2750.0,1895.0,10275.0,2750.0,1895.0,10275.0,2750.0,1900.0,10250.0,2730.0,1890.0,10275.0,2740.0,1890.0,485700,646500,46900.0
2024-12-09 08:20:00+00:00,10275.0,2740.0,1895.0,10275.0,2740.0,1895.0,10275.0,2750.0,1895.0,10250.0,2740.0,1895.0,10275.0,2750.0,1895.0,533400,197000,31300.0
2024-12-09 08:25:00+00:00,10275.0,2750.0,1895.0,10275.0,2750.0,1895.0,10275.0,2750.0,1900.0,10250.0,2740.0,1895.0,10250.0,2750.0,1895.0,698200,458400,29500.0
2024-12-09 08:30:00+00:00,10275.0,2740.0,1895.0,10275.0,2740.0,1895.0,10275.0,2750.0,1900.0,10250.0,2740.0,1895.0,10250.0,2750.0,1895.0,577000,248000,34500.0
2024-12-09 08:35:00+00:00,10300.0,2740.0,1895.0,10300.0,2740.0,1895.0,10300.0,2750.0,1900.0,10250.0,2740.0,1895.0,10275.0,2740.0,1895.0,1098300,603400,43500.0
2024-12-09 08:40:00+00:00,10300.0,2750.0,1895.0,10300.0,2750.0,1895.0,10300.0,2750.0,1900.0,10275.0,2740.0,1895.0,10300.0,2740.0,1895.0,1868200,1208000,114500.0
2024-12-09 08:45:00+00:00,10325.0,2750.0,1895.0,10325.0,2750.0,1895.0,10325.0,2750.0,1900.0,10275.0,2740.0,1895.0,10300.0,2740.0,1895.0,2875600,1438600,54900.0
2024-12-09 09:00:00+00:00,10350.0,2740.0,1895.0,10350.0,2740.0,1895.0,10350.0,2740.0,1895.0,10350.0,2740.0,1895.0,10350.0,2740.0,1895.0,16318200,10602100,1164100.0
2024-12-09 09:05:00+00:00,10350.0,2740.0,1895.0,10350.0,2740.0,1895.0,10350.0,2740.0,1895.0,10350.0,2740.0,1895.0,10350.0,2740.0,1895.0,334700,132400,10600.0
2024-12-09 09:10:00+00:00,10350.0,2740.0,,10350.0,2740.0,,10350.0,2740.0,,10350.0,2740.0,,10350.0,2740.0,,65900,7900,
